Mean,Median,Std,Range(low),Range(high),Time(microseconds)
0.000171033,8.34465e-07,0.000821437,5.96046e-08,0.00428379,4637.14
