Mean,Median,Std,Range(low),Range(high),Time(microseconds)
0.0486615,0.0209503,0.0774218,0.00140381,0.447968,1904.72
