Mean,Median,Std,Range(low),Range(high),Time(microseconds)
0.0411188,0.00912518,0.107583,0.000735858,0.739553,1682.88
