Mean,Median,Std,Range(low),Range(high),Time(microseconds)
0.0392999,0.0153656,0.0655571,0.000457764,0.384338,1717.68
